Brand,Description,Type,Size
BAYOU,RUM SATSUMA,RUM-AMERICAN,0.75
BAYOU,RUM SILVER,RUM-AMERICAN,0.75
BAYOU,RUM SPICED,RUM-AMERICAN,0.75
WHITE HAT,TEXAS RUM,RUM-AMERICAN,0.75
PIRASANUNGA,CACHACA 51,RUM-IMPORTED,1 LIT
ADMIRAL NELSON,COCONUT,RUM-IMPORTED,1.75
ADMIRAL NELSON,GOLD,RUM-IMPORTED,1.75
ADMIRAL NELSON,SILVER,RUM-IMPORTED,1.75
AGUARDIENTE,CRISTAL AND GIF,RUM-IMPORTED,0.75
APPLETON,GOLD,RUM-IMPORTED,1.75
APPLETON,WHITE,RUM-IMPORTED,0.75
APPLETON,WHITE,RUM-IMPORTED,1.75
APPLETON ESTATE,RUM RARE BLEND,RUM-IMPORTED,0.75
APPLETON ESTATE,RUM SIGNATURE,RUM-IMPORTED,0.75
ATLANTICO,PLATINO,RUM-IMPORTED,0.75
BACARDI,FLVR APPLE,RUM-IMPORTED,0.375
BACARDI,FLVR BLACKRAZZ,RUM-IMPORTED,0.375
BACARDI,FLVR COCO,RUM-IMPORTED,0.375
BACARDI,FLVR COCO,RUM-IMPORTED,0.75
BACARDI,FLVR GRAND MELO,RUM-IMPORTED,0.375
BACARDI,FLVR GRAPEFRUIT,RUM-IMPORTED,0.75
BACARDI,FLVR LIMON,RUM-IMPORTED,0.75
BACARDI,FLVR LIMON,RUM-IMPORTED,1.75
BACARDI,FLVR MANGO FUSI,RUM-IMPORTED,0.2
BACARDI,FLVR MINI PINEA,RUM-IMPORTED,0.5
BACARDI,FLVR MINI ROCK,RUM-IMPORTED,0.5
BACARDI,FLVR PEACH,RUM-IMPORTED,0.375
BACARDI,FLVR PINEAPPLE,RUM-IMPORTED,0.375
BACARDI,FLVR RASPBERRY,RUM-IMPORTED,0.75
BACARDI,FLVR TANGERINE,RUM-IMPORTED,0.75
BACARDI,FLVR TORCHED CH,RUM-IMPORTED,0.375
BACARDI,RUM 151,RUM-IMPORTED,0.375
BACARDI,RUM 151,RUM-IMPORTED,1 LIT
BACARDI,RUM 8 YEARS,RUM-IMPORTED,0.75
BACARDI,RUM BLACK,RUM-IMPORTED,0.75
BACARDI,RUM GOLD,RUM-IMPORTED,0.375
BACARDI,RUM GOLD,RUM-IMPORTED,1.75
BACARDI,RUM GOLD TRAVEL,RUM-IMPORTED,0.75
BACARDI,RUM RESERVA LIM,RUM-IMPORTED,0.75
BACARDI,RUM SILVER,RUM-IMPORTED,0.375
BACARDI,RUM SILVER,RUM-IMPORTED,0.2
BACARDI,RUM SILVER,RUM-IMPORTED,0.5
BACARDI,RUM SILVER,RUM-IMPORTED,1.75
BACARDI,RUM SILVER GLAS,RUM-IMPORTED,0.75
BACARDI,RUM SOLERA,RUM-IMPORTED,0.75
BACARDI,RUM SPICED OAK,RUM-IMPORTED,0.5
BLACKHEART,RUM SPICED 93 P,RUM-IMPORTED,0.75
BLACKHEART,RUM SPICED 93 P,RUM-IMPORTED,1.75
BLUE CHAIR,RUM BANANA,RUM-IMPORTED,0.75
BLUE CHAIR,RUM COCONUT,RUM-IMPORTED,0.75
BLUE CHAIR,RUM CREAM COCON,RUM-IMPORTED,0.5
BLUE CHAIR,RUM SILVER,RUM-IMPORTED,0.75
BLUE CHAIR,RUM SPICED COCO,RUM-IMPORTED,0.75
BRUGAL,RUM 1888,RUM-IMPORTED,0.75
BRUGAL,RUM ANEJO,RUM-IMPORTED,0.75
CALICO JACK,RUM SPICED,RUM-IMPORTED,1.75
CALYPSO,COCONUT,RUM-IMPORTED,1.75
CALYPSO,SILVER,RUM-IMPORTED,0.75
CALYPSO,SPICED GOLD,RUM-IMPORTED,1.75
CAPTAIN MORGAN,P BAY COCO,RUM-IMPORTED,0.375
CAPTAIN MORGAN,P BAY COCO,RUM-IMPORTED,1.75
CAPTAIN MORGAN,P BAY COCO 90 P,RUM-IMPORTED,0.75
CAPTAIN MORGAN,P BAY COCO 90 P,RUM-IMPORTED,1.75
CAPTAIN MORGAN,P BAY MANGO,RUM-IMPORTED,0.75
CAPTAIN MORGAN,P BAY PASSION F,RUM-IMPORTED,0.75
CAPTAIN MORGAN,P BAY PINEAPPLE,RUM-IMPORTED,0.75
CAPTAIN MORGAN,P BAY RTD LIIT,RUM-IMPORTED,0.2
CAPTAIN MORGAN,P BAY STRAWBERR,RUM-IMPORTED,0.75
CAPTAIN MORGAN,PRIVATE STOCK,RUM-IMPORTED,0.75
CAPTAIN MORGAN,PRIVATE STOCK,RUM-IMPORTED,1.75
CAPTAIN MORGAN,SPICED,RUM-IMPORTED,0.375
CAPTAIN MORGAN,SPICED,RUM-IMPORTED,0.75
CAPTAIN MORGAN,SPICED,RUM-IMPORTED,1.75
CAPTAIN MORGAN,SPICED 100 PF,RUM-IMPORTED,0.75
CAPTAIN MORGAN,SPICED 100 PF,RUM-IMPORTED,1.75
CAPTAIN MORGAN,SPICED BLACK,RUM-IMPORTED,0.75
CAPTAIN MORGAN,SPICED LTD 1671,RUM-IMPORTED,0.75
CAPTAIN MORGAN,SPICED LTD SHER,RUM-IMPORTED,0.75
CAPTAIN MORGAN,SPICED SILVER,RUM-IMPORTED,0.75
CAPTAIN MORGAN,TATTOO,RUM-IMPORTED,0.75
CAPTAIN MORGAN,WHITE,RUM-IMPORTED,0.375
CAPTAIN MORGAN,WHITE,RUM-IMPORTED,0.75
CAPTAIN MORGAN,WHITE COCONUT,RUM-IMPORTED,0.75
CAPTAIN MORGAN,WHITE GRAPEFRUI,RUM-IMPORTED,0.75
CASTILLO,LITE,RUM-IMPORTED,1 LIT
CASTILLO,LITE,RUM-IMPORTED,1.75
CASTILLO,SPICED,RUM-IMPORTED,1.75
CEDILLA,ACAI BERRY LIQU,RUM-IMPORTED,0.75
CRUZAN,151,RUM-IMPORTED,0.75
CRUZAN,BLACK STRAP RUM,RUM-IMPORTED,0.75
CRUZAN,FLVR BANANA,RUM-IMPORTED,0.75
CRUZAN,FLVR BLACK CHER,RUM-IMPORTED,0.75
CRUZAN,FLVR BLUEBERRY,RUM-IMPORTED,0.75
CRUZAN,FLVR COCO,RUM-IMPORTED,0.375
CRUZAN,FLVR COCO,RUM-IMPORTED,0.75
CRUZAN,FLVR COCO,RUM-IMPORTED,1.75
CRUZAN,FLVR GUAVA,RUM-IMPORTED,1 LTR
CRUZAN,FLVR KEY LIME,RUM-IMPORTED,0.75
CRUZAN,FLVR MANGO,RUM-IMPORTED,0.75
CRUZAN,FLVR PEACH,RUM-IMPORTED,0.75
CRUZAN,FLVR PINEAPPLE,RUM-IMPORTED,0.375
CRUZAN,FLVR PINEAPPLE,RUM-IMPORTED,0.75
CRUZAN,FLVR VANILA,RUM-IMPORTED,0.75
CRUZAN,GOLD,RUM-IMPORTED,0.375
CRUZAN,LITE,RUM-IMPORTED,0.375
CRUZAN,LITE,RUM-IMPORTED,0.75
CRUZAN,LITE,RUM-IMPORTED,1.75
DON Q,COCONUT,RUM-IMPORTED,0.75
DON Q,CRISTAL,RUM-IMPORTED,1 LIT
DON Q,CRISTAL,RUM-IMPORTED,1.75
DON Q,GOLD,RUM-IMPORTED,0.75
FLOR DE CANA,12 YEARS,RUM-IMPORTED,0.75
FLOR DE CANA,18 YEARS,RUM-IMPORTED,0.75
FLOR DE CANA,4 YEARS GOLD,RUM-IMPORTED,0.75
FLOR DE CANA,4 YEARS GOLD,RUM-IMPORTED,1.75
FLOR DE CANA,7 YEARS RESERVE,RUM-IMPORTED,0.75
FLOR DE CANA,7 YEARS RESERVE,RUM-IMPORTED,1.75
GOLD COAST,RUM XO,RUM-IMPORTED,0.75
GOSLING'S,BERMUDA BLACK R,RUM-IMPORTED,0.75
GOSLING'S,BERMUDA BLACK R,RUM-IMPORTED,1.75
GOSLING'S,BERMUDA GOLD RU,RUM-IMPORTED,0.75
GOSLING'S,GINGER BEER,RUM-IMPORTED,1 LTR
GOSLING'S,GINGER BEER,RUM-IMPORTED,12 OZ
KRAKEN,RUM SPICED,RUM-IMPORTED,0.5
KRAKEN,SPICED,RUM-IMPORTED,0.375
KRAKEN,SPICED,RUM-IMPORTED,0.75
KRAKEN,SPICED,RUM-IMPORTED,1 LTR
KRAKEN,SPICED,RUM-IMPORTED,1.75
MALIBU,BANANA,RUM-IMPORTED,0.75
MALIBU,COCO,RUM-IMPORTED,0.2
MALIBU,COCO,RUM-IMPORTED,0.375
MALIBU,COCO,RUM-IMPORTED,0.75
MALIBU,COCO,RUM-IMPORTED,1.75
MALIBU,COCO BLACK 70 P,RUM-IMPORTED,1.75
MALIBU,COCONUT SPICED,RUM-IMPORTED,1.75
MALIBU,FLVR COCONUT,RUM-IMPORTED,0.5
MALIBU,FLVR COCONUT SP,RUM-IMPORTED,0.5
MALIBU,FLVR ORANGE FLO,RUM-IMPORTED,0.5
MALIBU,MANGO,RUM-IMPORTED,0.75
MALIBU,PASSION,RUM-IMPORTED,0.75
MALIBU,PINEAPPLE,RUM-IMPORTED,0.75
MALIBU,PINEAPPLE UPSID,RUM-IMPORTED,0.75
MALIBU,RTD CRANBERRY,RUM-IMPORTED,180ml
MALIBU,RTD PINEAPPLE,RUM-IMPORTED,180ml
MALIBU,RTD PINK LEMONA,RUM-IMPORTED,180ml
MALIBU,SUNDAE,RUM-IMPORTED,0.75
MOHAWK,RUM 151 PROOF,RUM-IMPORTED,1 LIT
MOUNT GAY,RUM 1703,RUM-IMPORTED,0.75
MOUNT GAY,RUM XO,RUM-IMPORTED,0.75
MYERS'S,RUM,RUM-IMPORTED,0.375
MYERS'S,RUM,RUM-IMPORTED,1.75
PAPAS PILAR,RUM AGED 24 YRS,RUM-IMPORTED,0.75
PAPAS PILAR,RUM AGED 3 YRS,RUM-IMPORTED,0.75
PUMPKIN FACE,RUM RESERVE,RUM-IMPORTED,0.75
PUMPKIN FACE WHITE,RUM WHITE,RUM-IMPORTED,0.75
PYRAT,XO RESERVE RUM,RUM-IMPORTED,0.375
REDRUM,RUM,RUM-IMPORTED,0.75
RON RIO,GOLD,RUM-IMPORTED,1 LIT
RON RIO,GOLD,RUM-IMPORTED,1.75
RON RIO,LITE,RUM-IMPORTED,1 LIT
RONRICO,LITE,RUM-IMPORTED,1.75
SAILOR JERRY,SPICED,RUM-IMPORTED,0.375
SAILOR JERRY,SPICED,RUM-IMPORTED,0.75
SAILOR JERRY,SPICED,RUM-IMPORTED,1.75
SEAGRAMS,RUM RASPBERRY M,RUM-IMPORTED,0.5
SEVEN TIKI,RUM SPICED,RUM-IMPORTED,1 LTR
SHELLBACK,SILVER,RUM-IMPORTED,0.2
SHELLBACK,SILVER,RUM-IMPORTED,0.375
SHELLBACK,SILVER,RUM-IMPORTED,1 LTR
SHELLBACK,SILVER,RUM-IMPORTED,1.75
SHELLBACK,SPICED,RUM-IMPORTED,0.75
SHELLBACK,SPICED,RUM-IMPORTED,1 LTR
SUGAR ISLAND,SPICED RUM,RUM-IMPORTED,0.75
TREATY OAK,SILVER RUM AUST,RUM-IMPORTED,0.75
WHALER'S,COCO,RUM-IMPORTED,0.75
WHALER'S,SPICED,RUM-IMPORTED,0.75
WHALER'S,VANILLA,RUM-IMPORTED,0.75
WHALERS,GREAT WHITE,RUM-IMPORTED,0.75
WRAY AND NEPHEW,RUM JAMAICAN 12,RUM-IMPORTED,0.75
CHRISTIAN BROTHERS,BRANDY,BRANDY-AMERICAN,0.75
CHRISTIAN BROTHERS,BRANDY,BRANDY-AMERICAN,1.75
E & J,V.S,BRANDY-AMERICAN,0.2
E & J,V.S,BRANDY-AMERICAN,0.75
E & J,V.S,BRANDY-AMERICAN,1.75
E & J,V.S.O.P,BRANDY-AMERICAN,0.75
E & J,V.S.O.P,BRANDY-AMERICAN,1 LIT
E & J,V.S.O.P,BRANDY-AMERICAN,1.75
E & J,VS PEACH,BRANDY-AMERICAN,0.75
E & J,XO,BRANDY-AMERICAN,0.2
E & J,XO,BRANDY-AMERICAN,0.375
E & J,XO,BRANDY-AMERICAN,0.75
E & J,XO,BRANDY-AMERICAN,1.75
HIRAM WALKER,APRICOT BRANDY,BRANDY-AMERICAN,0.375
HIRAM WALKER,BLACKBERRY BRAN,BRANDY-AMERICAN,0.75
HIRAM WALKER,CHERRY BRANDY,BRANDY-AMERICAN,0.375
HIRAM WALKER,PEACH BRANDY,BRANDY-AMERICAN,0.375
LAIRDS,BRANDY APPLE 71,BRANDY-AMERICAN,0.75
LAIRDS,BRANDY APPLE JA,BRANDY-AMERICAN,0.75
PAUL MASSON,V.S,BRANDY-AMERICAN,0.2
PAUL MASSON,V.S,BRANDY-AMERICAN,1 LIT
PAUL MASSON,V.S,BRANDY-AMERICAN,1.75
PAUL MASSON,V.S BERRY,BRANDY-AMERICAN,1.75
PAUL MASSON,V.S PEACH,BRANDY-AMERICAN,1.75
PAUL MASSON,V.S PEACH MINI,BRANDY-AMERICAN,0.5
PAUL MASSON,V.S.O.P,BRANDY-AMERICAN,0.2
PAUL MASSON,V.S.O.P,BRANDY-AMERICAN,0.75
PAUL MASSON,V.S.O.P,BRANDY-AMERICAN,1.75
AIKODRAGONARMENIAN ARPINE,DRAGON,BRANDY-IMPORTED,0.375
ARMHORSE200ML ARMENIAN ARPINE,HORSE 200ML,BRANDY-IMPORTED,0.2
SHOESMALLARMENIAN ARPINE,SHOE SMALL 200,BRANDY-IMPORTED,0.2
ARMENFOOTBALL ARMENIAN ARPINE,SOCCER BALL,BRANDY-IMPORTED,0.75
DON PEDRO,BRANDY,BRANDY-IMPORTED,0.75
DON PEDRO,BRANDY,BRANDY-IMPORTED,1 LIT
FUNDADOR,BRANDY SPANISH,BRANDY-IMPORTED,0.75
OLD MONK,BRANDY 12 YRS I,BRANDY-IMPORTED,0.75
OLD MONK,BRANDY 7 YRS IN,BRANDY-IMPORTED,0.75
PISCO CAPEL,PISCO CHILE,BRANDY-IMPORTED,0.75
PISCO PORTON,PISCO PERU,BRANDY-IMPORTED,0.75
PRESIDENTE,BRANDY,BRANDY-IMPORTED,1 LIT
STAR,SWAN,BRANDY-IMPORTED,0.375
TORRES 10,BRANDY 10 YRS,BRANDY-IMPORTED,0.75
TORRES 20,BRANDY 20 YRS,BRANDY-IMPORTED,0.75